{
    "0_start_import": 1733375175.8046017,
    "1_parsing": 1733375175.8085887,
    "2_start_padding": 1733375176.3016608,
    "3_start_normalizing": 1733375176.6685648,
    "4_start_tensor_conversion": 1733375176.766564,
    "5_start_model": 1733375176.791689,
    "6_complete_model": 1733375522.1093428,
    "res_model_runtime": 345.31765389442444
}