{
    "0_start_import": 1733366909.3113048,
    "1_parsing": 1733366909.313304,
    "2_start_padding": 1733366909.766421,
    "3_start_normalizing": 1733366910.1635199,
    "4_start_tensor_conversion": 1733366910.2445414,
    "5_start_model": 1733366910.3213873,
    "6_complete_model": 1733366920.607195,
    "res_model_runtime": 10.285807609558105
}