{
    "0_start_import": 1733425983.3966827,
    "1_parsing": 1733425983.400683,
    "2_start_padding": 1733425983.9156811,
    "3_start_normalizing": 1733425984.2946808,
    "4_start_tensor_conversion": 1733425984.3986816,
    "5_start_model": 1733435900.2304742,
    "6_complete_model": 1733437403.310771,
    "res_model_runtime": 1503.080296754837
}