{
    "0_start_import": 1733376208.1695998,
    "1_parsing": 1733376208.1725986,
    "2_start_padding": 1733376208.6706946,
    "3_start_normalizing": 1733376209.0355964,
    "4_start_tensor_conversion": 1733376209.1292114,
    "5_start_model": 1733376209.154903,
    "6_complete_model": 1733376351.271536,
    "res_model_runtime": 142.1166331768036
}