{
    "0_start_import": 1733369481.5049942,
    "1_parsing": 1733369481.5079813,
    "2_start_padding": 1733369481.9959836,
    "3_start_normalizing": 1733369482.3749814,
    "4_start_tensor_conversion": 1733369482.4679797,
    "5_start_model": 1733369482.484662,
    "6_complete_model": 1733370064.6253252,
    "res_model_runtime": 582.1406631469727
}