{
    "0_start_import": 1733444760.2079122,
    "1_parsing": 1733444760.2119143,
    "2_start_padding": 1733444760.8496602,
    "3_start_normalizing": 1733444761.4866526,
    "4_start_tensor_conversion": 1733444761.5795586,
    "5_start_model": 1733444761.6093068,
    "6_complete_model": 1733446299.6674838,
    "res_model_runtime": 1538.0581769943237
}