{
    "0_start_import": 1733376769.7559395,
    "1_parsing": 1733376769.75794,
    "2_start_padding": 1733376770.2259417,
    "3_start_normalizing": 1733376770.5879407,
    "4_start_tensor_conversion": 1733376770.6830285,
    "5_start_model": 1733376770.7083077,
    "6_complete_model": 1733378522.4940796,
    "res_model_runtime": 1751.7857718467712
}