{
    "0_start_import": 1733379318.4747052,
    "1_parsing": 1733379318.4807086,
    "2_start_padding": 1733379319.0727918,
    "3_start_normalizing": 1733379319.7627873,
    "4_start_tensor_conversion": 1733379319.8477118,
    "5_start_model": 1733379319.9138973,
    "6_complete_model": 1733379387.9205372,
    "res_model_runtime": 68.00663995742798
}