{
    "0_start_import": 1734048919.603733,
    "1_parsing": 1734048919.6057339,
    "3_start_tensor_conversion": 1734048922.4454365,
    "4_end_tensor_conversion": 1734048922.676537,
    "5_start_model": 1734048922.7120173,
    "6_complete_model": 1734049163.5537395,
    "aic_bic_json_pca": {
        "aic_scores": [
            1129.306595259063,
            997.4870209943513,
            977.9884748084967,
            935.6480836596382,
            911.4882273701865,
            893.3291676129404,
            857.962027549614,
            837.6426420652999,
            824.1486710189131,
            831.2356814445147,
            830.7586097654465,
            805.5805607158362,
            782.5202135142727,
            770.9009595420235
        ],
        "bic_scores": [
            1143.9064998882036,
            1029.6068111784607,
            1027.6281505475747,
            1002.8076449536851,
            996.1676742192021,
            995.5285000169248,
            977.6812455085671,
            974.8817455792218,
            978.9076600878037,
            1003.5145560683741,
            1020.5573699442746,
            1012.8992064496331,
            1007.3587448030382,
            1013.259376385758
        ]
    },
    "aic_bic_json_tsne": {
        "aic_scores": [
            1638.3047514247576,
            1590.613479230385,
            1587.0931409319578,
            1581.8175279797128,
            1548.7693568677782,
            1548.2089092097008,
            1534.9133322353728,
            1461.934095518157,
            1436.5894508272606,
            1449.7574331293915,
            1455.7694324956287,
            1392.9750701235412,
            1398.9930349564536,
            1375.0605818735326
        ],
        "bic_scores": [
            1652.9046560538982,
            1622.7332694144945,
            1636.7328166710358,
            1648.9770892737597,
            1633.448803716794,
            1650.4082416136853,
            1654.6325501943259,
            1599.1731990320789,
            1591.3484398961514,
            1622.0363077532509,
            1645.568192674457,
            1600.2937158573382,
            1623.8315662452192,
            1617.418998717267
        ]
    },
    "res_model_runtime": 240.84172224998474
}