{
    "0_start_import": 1733453255.1196039,
    "1_parsing": 1733453255.1266067,
    "2_start_padding": 1733453255.7085133,
    "3_start_normalizing": 1733453256.0174456,
    "4_start_tensor_conversion": 1733453256.1064496,
    "5_start_model": 1733453256.1365068,
    "6_complete_model": 1733454730.7271936,
    "res_model_runtime": 1474.5906867980957
}