{
    "0_start_import": 1734050042.2086945,
    "1_parsing": 1734050042.2096956,
    "3_start_tensor_conversion": 1734050044.9492412,
    "4_end_tensor_conversion": 1734050045.146146,
    "5_start_model": 1734050045.177433,
    "6_complete_model": 1734050756.1944835,
    "aic_bic_json_pca": {
        "aic_scores": [
            1301.932571217401,
            1045.3947136707468,
            980.9968244083269,
            964.4653919924218,
            896.0378934480042,
            872.8439025722494,
            837.5609886115808,
            793.209777999705,
            767.7816667135428,
            755.8006229038556,
            731.8445710407874,
            722.603478364189,
            690.2200679365451,
            690.6086148552813
        ],
        "bic_scores": [
            1316.5324758465415,
            1077.5145038548562,
            1030.636500147405,
            1031.6249532864688,
            980.7173402970197,
            975.0432349762337,
            957.2802065705339,
            930.4488815136269,
            922.5406557824334,
            928.0794975277149,
            921.6433312196154,
            929.9221240979858,
            915.0585992253107,
            932.9670316990157
        ]
    },
    "aic_bic_json_tsne": {
        "aic_scores": [
            1635.8641878759972,
            1560.0921639566704,
            1555.9014203549,
            1563.6792663435872,
            1489.8186723291647,
            1469.820734379431,
            1474.7773622955203,
            1448.5161130000483,
            1415.116061704079,
            1401.8485098147798,
            1390.9505578614621,
            1395.9823689408988,
            1308.8489847302012,
            1256.0534103781665
        ],
        "bic_scores": [
            1650.4640925051378,
            1592.2119541407799,
            1605.541096093978,
            1630.838827637634,
            1574.4981191781803,
            1572.0200667834156,
            1594.4965802544734,
            1585.7552165139703,
            1569.8750507729696,
            1574.1273844386392,
            1580.7493180402903,
            1603.3010146746956,
            1533.6875160189668,
            1498.411827221901
        ]
    },
    "res_model_runtime": 711.0170505046844
}