{
    "0_start_import": 1734071913.4554086,
    "1_parsing": 1734071913.463715,
    "3_start_tensor_conversion": 1734071916.5235837,
    "4_end_tensor_conversion": 1734071916.714602,
    "5_start_model": 1734071916.7388294,
    "6_complete_model": 1734073263.0095358,
    "aic_bic_json_pca": {
        "aic_scores": [
            1190.4937754007683,
            994.1157853943979,
            975.237721864548,
            937.1544125700199,
            926.2286098847591,
            895.0427967338346,
            862.8046974510651,
            848.0556672018804,
            835.9955369211514,
            821.5948418890584,
            798.0603195538802,
            797.9793414460034,
            786.7955619888996,
            781.7680633856903
        ],
        "bic_scores": [
            1205.093680029909,
            1026.2355755785072,
            1024.8773976036262,
            1004.3139738640667,
            1010.9080567337746,
            997.242129137819,
            982.5239154100182,
            985.2947707158023,
            990.754525990042,
            993.8737165129178,
            987.8590797327083,
            1005.2979871798003,
            1011.6340932776652,
            1024.1264802294247
        ]
    },
    "aic_bic_json_tsne": {
        "aic_scores": [
            1675.4025368766147,
            1640.6196953422227,
            1614.397989384407,
            1609.7997344473006,
            1605.3547551788924,
            1608.2715128123705,
            1567.1307832686598,
            1515.0238172649279,
            1478.9900323469162,
            1479.170189514166,
            1480.4670225857776,
            1468.206892886869,
            1363.120653218542,
            1363.7115164313232
        ],
        "bic_scores": [
            1690.0024415057553,
            1672.7394855263321,
            1664.037665123485,
            1676.9592957413474,
            1690.0342020279081,
            1710.470845216355,
            1686.850001227613,
            1652.2629207788498,
            1633.749021415807,
            1651.4490641380253,
            1670.2657827646058,
            1675.5255386206659,
            1587.9591845073076,
            1606.0699332750576
        ]
    },
    "res_model_runtime": 1346.2707064151764
}