{
    "0_start_import": 1733375966.0620494,
    "1_parsing": 1733375966.06505,
    "2_start_padding": 1733375966.5240483,
    "3_start_normalizing": 1733375966.8870616,
    "4_start_tensor_conversion": 1733375966.9820592,
    "5_start_model": 1733375967.0069861,
    "6_complete_model": 1733376145.6555774,
    "res_model_runtime": 178.64859127998352
}