{
    "0_start_import": 1734044463.405616,
    "1_parsing": 1734044463.4076142,
    "3_start_tensor_conversion": 1734044466.3821626,
    "4_end_tensor_conversion": 1734044466.5638008,
    "5_start_model": 1734044642.02041,
    "6_complete_model": 1734045533.6771498,
    "aic_bic_json_pca": {
        "aic_scores": [
            1495.1714825941476,
            1175.5214022176322,
            1049.0677980130179,
            943.697194509773,
            846.2551230959766,
            787.0074411762934,
            743.2871722696916,
            714.9950486765872,
            712.1762442016559,
            684.4582516133098,
            681.0386043224786,
            668.2315675193336,
            662.6721666498796,
            654.818383399099
        ],
        "bic_scores": [
            1509.7713872232882,
            1207.6411924017416,
            1098.707473752096,
            1010.8567558038199,
            930.9345699449923,
            889.2067735802777,
            863.0063902286447,
            852.2341521905091,
            866.9352332705465,
            856.7371262371692,
            870.8373645013066,
            875.5502132531304,
            887.5106979386453,
            897.1768002428335
        ]
    },
    "aic_bic_json_tsne": {
        "aic_scores": [
            1384.5466402328946,
            1319.793259202785,
            1309.0903124725796,
            1279.9815739890169,
            1248.3285212335938,
            1222.5593154463663,
            1180.4670317016798,
            1188.1452287220627,
            1157.1689203010965,
            1143.1524846490686,
            1107.88925454949,
            1105.9519683390122,
            1131.121104498307,
            1127.9890949618043
        ],
        "bic_scores": [
            1399.1465448620352,
            1351.9130493868945,
            1358.7299882116577,
            1347.1411352830637,
            1333.0079680826095,
            1324.7586478503508,
            1300.186249660633,
            1325.3843322359846,
            1311.927909369987,
            1315.431359272928,
            1297.6880147283182,
            1313.270614072809,
            1355.9596357870726,
            1370.3475118055387
        ]
    },
    "res_model_runtime": 891.6567397117615
}