{
    "0_start_import": 1734048445.3900626,
    "1_parsing": 1734048445.3920622,
    "3_start_tensor_conversion": 1734048448.2909544,
    "4_end_tensor_conversion": 1734048448.5000317,
    "5_start_model": 1734048448.5247133,
    "6_complete_model": 1734048590.8391147,
    "aic_bic_json_pca": {
        "aic_scores": [
            1307.6081651615636,
            1156.645038895004,
            1006.1917627812245,
            893.1282489063625,
            838.5442677680128,
            825.3318850051046,
            804.8736268563302,
            800.5798013948138,
            798.2965404497669,
            780.8252514935754,
            776.490158744567,
            770.1441596544721,
            747.6099539984048,
            747.8593639928481
        ],
        "bic_scores": [
            1322.2080697907043,
            1188.7648290791135,
            1055.8314385203025,
            960.2878102004094,
            923.2237146170285,
            927.531217409089,
            924.5928448152833,
            937.8189049087357,
            953.0555295186575,
            953.1041261174348,
            966.2889189233952,
            977.462805388269,
            972.4484852871703,
            990.2177808365825
        ]
    },
    "aic_bic_json_tsne": {
        "aic_scores": [
            1630.7460160046348,
            1574.8237523574433,
            1567.1699481704156,
            1559.768987682287,
            1513.844364772861,
            1442.163085729357,
            1407.977596951294,
            1400.1239171369534,
            1331.603673092411,
            1319.8698177347596,
            1314.9494398979573,
            1323.3259766342217,
            1301.6095536016824,
            1273.5328459653797
        ],
        "bic_scores": [
            1645.3459206337754,
            1606.9435425415527,
            1616.8096239094937,
            1626.9285489763338,
            1598.5238116218766,
            1544.3624181333412,
            1527.696814910247,
            1537.3630206508753,
            1486.3626621613016,
            1492.148692358619,
            1504.7482000767855,
            1530.6446223680186,
            1526.448084890448,
            1515.891262809114
        ]
    },
    "res_model_runtime": 142.31440138816833
}