{
    "0_start_import": 1733455561.4273689,
    "1_parsing": 1733455561.431369,
    "2_start_padding": 1733455562.0041037,
    "3_start_normalizing": 1733455562.6350203,
    "4_start_tensor_conversion": 1733455562.8040156,
    "5_start_model": 1733455562.8392174,
    "6_complete_model": 1733457161.1101482,
    "res_model_runtime": 1598.2709307670593
}