{
    "0_start_import": 1734060216.4516768,
    "1_parsing": 1734060216.452678,
    "3_start_tensor_conversion": 1734060219.5568233,
    "4_end_tensor_conversion": 1734060219.7354045,
    "5_start_model": 1734060219.7631402,
    "6_complete_model": 1734062294.5585182,
    "aic_bic_json_pca": {
        "aic_scores": [
            1596.1906733026385,
            1292.9945196809251,
            997.0446477431312,
            925.4402184387657,
            790.0287955060111,
            711.7908284001073,
            711.6478374574822,
            703.4597664929832,
            695.579837022956,
            702.2948982142041,
            684.2160615234907,
            659.99826362702,
            662.8594438817421,
            670.384103418931
        ],
        "bic_scores": [
            1610.7905779317791,
            1325.1143098650346,
            1046.6843234822093,
            992.5997797328125,
            874.7082423550266,
            813.9901608040917,
            831.3670554164353,
            840.6988700069052,
            850.3388260918466,
            874.5737728380634,
            874.0148217023188,
            867.3169093608169,
            887.6979751705078,
            912.7425202626654
        ]
    },
    "aic_bic_json_tsne": {
        "aic_scores": [
            1451.3656750060625,
            1360.3893265634338,
            1312.9760966097629,
            1290.7634632669651,
            1245.4821867270664,
            1168.4334286426981,
            1179.8433772401395,
            1156.6207330666907,
            1151.9729514592464,
            1135.4033866300313,
            1094.431143307572,
            1101.1393437122765,
            1101.7972394119518,
            1107.266047132891
        ],
        "bic_scores": [
            1465.965579635203,
            1392.5091167475432,
            1362.615772348841,
            1357.923024561012,
            1330.161633576082,
            1270.6327610466824,
            1299.5625951990926,
            1293.8598365806126,
            1306.7319405281369,
            1307.6822612538906,
            1284.2299034864002,
            1308.4579894460735,
            1326.6357707007173,
            1349.624463976625
        ]
    },
    "res_model_runtime": 2074.795377969742
}