{
    "0_start_import": 1734080960.9684234,
    "1_parsing": 1734080960.9713616,
    "3_start_tensor_conversion": 1734080964.1235664,
    "4_end_tensor_conversion": 1734080964.6026163,
    "5_start_model": 1734080964.6520133,
    "6_complete_model": 1734088100.8852956,
    "aic_bic_json_pca": {
        "aic_scores": [
            1370.560295052106,
            1133.8178160737148,
            1064.2968519273422,
            847.1556151367661,
            708.1535417187088,
            648.226487486133,
            625.7185009965445,
            616.2796056322792,
            609.3182212515778,
            590.3070103263237,
            566.3711950817336,
            560.1949068227505,
            514.8695562401516,
            508.2572377055655
        ],
        "bic_scores": [
            1385.1601996812467,
            1165.9376062578242,
            1113.9365276664203,
            914.3151764308129,
            792.8329885677244,
            750.4258198901174,
            745.4377189554976,
            753.5187091462011,
            764.0772103204685,
            762.5858849501832,
            756.1699552605617,
            767.5135525565474,
            739.7080875289173,
            750.6156545493
        ]
    },
    "aic_bic_json_tsne": {
        "aic_scores": [
            1513.1808912515385,
            1423.1769534936034,
            1298.9070651239342,
            1212.8378809057435,
            1161.6492296226108,
            1171.5871739003412,
            1116.7112596410816,
            1072.3624202146802,
            1073.4849541112978,
            1044.7362425635624,
            1039.154981415225,
            1010.3661226841677,
            1004.0170797987373,
            1011.1236625991679
        ],
        "bic_scores": [
            1527.780795880679,
            1455.2967436777128,
            1348.5467408630122,
            1279.9974421997904,
            1246.3286764716265,
            1273.7865063043255,
            1236.4304776000347,
            1209.6015237286022,
            1228.2439431801886,
            1217.0151171874218,
            1228.953741594053,
            1217.6847684179647,
            1228.855611087503,
            1253.4820794429024
        ]
    },
    "res_model_runtime": 7136.233282327652
}