{
    "0_start_import": 1734066467.5995135,
    "1_parsing": 1734066467.5995135,
    "3_start_tensor_conversion": 1734066470.943545,
    "4_end_tensor_conversion": 1734066471.3281505,
    "5_start_model": 1734066471.3585835,
    "6_complete_model": 1734070872.703698,
    "aic_bic_json_pca": {
        "aic_scores": [
            1569.8740234570282,
            973.1472353195212,
            847.1742675489202,
            826.9719207425715,
            817.9348491259361,
            787.2038458371699,
            767.6306476150887,
            736.0538559974564,
            726.283589095932,
            730.3523233957893,
            718.6152561905114,
            711.863607274063,
            712.9380770412738,
            709.7193522589166
        ],
        "bic_scores": [
            1584.4739280861688,
            1005.2670255036305,
            896.8139432879983,
            894.1314820366183,
            902.6142959749518,
            889.4031782411543,
            887.3498655740418,
            873.2929595113783,
            881.0425781648227,
            902.6311980196488,
            908.4140163693396,
            919.1822530078599,
            937.7766083300394,
            952.077769102651
        ]
    },
    "aic_bic_json_tsne": {
        "aic_scores": [
            1497.757098060156,
            1449.687025334996,
            1388.1161178625025,
            1239.2174577483738,
            1227.3529231406094,
            1208.7678358031922,
            1190.282737687125,
            1188.4826073142908,
            1179.3413506634643,
            1184.744721868427,
            1181.7141265327555,
            1177.1572935376755,
            1176.2911381563497,
            1177.1188528149041
        ],
        "bic_scores": [
            1512.3570026892967,
            1481.8068155191054,
            1437.7557936015805,
            1306.3770190424207,
            1312.032369989625,
            1310.9671682071767,
            1310.0019556460782,
            1325.7217108282127,
            1334.1003397323548,
            1357.0235964922863,
            1371.5128867115836,
            1384.4759392714723,
            1401.1296694451153,
            1419.4772696586385
        ]
    },
    "res_model_runtime": 4401.345114469528
}