{
    "0_start_import": 1733368682.7490401,
    "1_parsing": 1733368682.7519553,
    "2_start_padding": 1733368683.2478328,
    "3_start_normalizing": 1733368683.6313345,
    "4_start_tensor_conversion": 1733368683.73232,
    "5_start_model": 1733368683.7554352,
    "6_complete_model": 1733369417.4492505,
    "res_model_runtime": 733.6938152313232
}