{
    "0_start_import": 1734048653.5923867,
    "1_parsing": 1734048653.5943856,
    "3_start_tensor_conversion": 1734048656.5020006,
    "4_end_tensor_conversion": 1734048656.734407,
    "5_start_model": 1734048656.7728448,
    "6_complete_model": 1734048846.8427563,
    "aic_bic_json_pca": {
        "aic_scores": [
            1141.6656045322147,
            994.3192740665502,
            935.5070404106905,
            912.3200478829137,
            882.0728992315117,
            839.9948933860574,
            834.5201465025029,
            823.9266833059137,
            795.6390790851885,
            777.109993230634,
            759.0922227955799,
            752.3652983258135,
            746.8049008498763,
            753.6168230347155
        ],
        "bic_scores": [
            1156.2655091613553,
            1026.4390642506596,
            985.1467161497686,
            979.4796091769606,
            966.7523460805273,
            942.1942257900417,
            954.239364461456,
            961.1657868198356,
            950.3980681540792,
            949.3888678544934,
            948.890982974408,
            959.6839440596103,
            971.6434321386419,
            995.9752398784499
        ]
    },
    "aic_bic_json_tsne": {
        "aic_scores": [
            1591.2349552774479,
            1485.3207699882325,
            1493.7204719747465,
            1473.5927940507092,
            1459.1630806885114,
            1426.389930940563,
            1420.140363413371,
            1353.2821113049645,
            1314.9564567183954,
            1322.3630942226464,
            1318.037506126756,
            1310.933663600189,
            1291.312537965309,
            1281.5244867334527
        ],
        "bic_scores": [
            1605.8348599065885,
            1517.440560172342,
            1543.3601477138245,
            1540.752355344756,
            1543.842527537527,
            1528.5892633445474,
            1539.859581372324,
            1490.5212148188864,
            1469.7154457872862,
            1494.6419688465057,
            1507.836266305584,
            1518.252309333986,
            1516.1510692540746,
            1523.882903577187
        ]
    },
    "res_model_runtime": 190.06991147994995
}