{
    "0_start_import": 1733366985.1596842,
    "1_parsing": 1733366985.1616836,
    "2_start_padding": 1733366985.6208003,
    "3_start_normalizing": 1733366985.987558,
    "4_start_tensor_conversion": 1733366986.0635786,
    "5_start_model": 1733366986.134338,
    "6_complete_model": 1733366991.5839214,
    "res_model_runtime": 5.449583530426025
}