{
    "0_start_import": 1733440244.756699,
    "1_parsing": 1733440244.7617002,
    "2_start_padding": 1733440245.3267891,
    "3_start_normalizing": 1733440245.9095614,
    "4_start_tensor_conversion": 1733440246.0115492,
    "5_start_model": 1733440246.0373826,
    "6_complete_model": 1733441743.2401261,
    "res_model_runtime": 1497.2027435302734
}