{
    "0_start_import": 1733367180.8556535,
    "1_parsing": 1733367180.8586526,
    "2_start_padding": 1733367181.3476536,
    "3_start_normalizing": 1733367181.7137582,
    "4_start_tensor_conversion": 1733367181.8016524,
    "5_start_model": 1733367181.8204534,
    "6_complete_model": 1733368122.4054525,
    "res_model_runtime": 940.5849990844727
}