{
    "0_start_import": 1733341627.9082057,
    "1_parsing": 1733341627.9125574,
    "2_start_padding": 1733341628.4885354,
    "3_start_normalizing": 1733341628.8682218,
    "4_start_tensor_conversion": 1733341628.954591,
    "5_start_model": 1733341628.9939103,
    "6_complete_model": 1733341663.3900254,
    "res_model_runtime": 34.39611506462097
}