{
    "0_start_import": 1733450525.885522,
    "1_parsing": 1733450525.8895214,
    "2_start_padding": 1733450526.4696045,
    "3_start_normalizing": 1733450527.1286147,
    "4_start_tensor_conversion": 1733450527.2145214,
    "5_start_model": 1733450527.2448914,
    "6_complete_model": 1733452027.4015503,
    "res_model_runtime": 1500.1566588878632
}