{
    "0_start_import": 1734037023.1304767,
    "1_parsing": 1734037023.1314778,
    "3_start_tensor_conversion": 1734037026.364655,
    "4_end_tensor_conversion": 1734037026.5501916,
    "5_start_model": 1734037026.5751143,
    "6_complete_model": 1734037600.538144,
    "aic_bic_json_pca": {
        "aic_scores": [
            1387.833309948398,
            1131.5945134122412,
            1057.3179046014532,
            949.6464362550023,
            855.306747378754,
            797.8771632055916,
            786.0738862888962,
            758.2241977696578,
            746.1447476470435,
            741.2840081831878,
            737.5792893484575,
            730.6636057030775,
            724.7407491959975,
            735.3154254866761
        ],
        "bic_scores": [
            1402.4332145775386,
            1163.7143035963506,
            1106.9575803405312,
            1016.8059975490492,
            939.9861942277696,
            900.076495609576,
            905.7931042478493,
            895.4633012835798,
            900.9037367159341,
            913.5628828070471,
            927.3780495272856,
            937.9822514368743,
            949.5792804847631,
            977.6738423304105
        ]
    },
    "aic_bic_json_tsne": {
        "aic_scores": [
            1534.7855746615724,
            1458.2042020163963,
            1357.5584301565536,
            1355.75073042129,
            1304.3458502510941,
            1258.6570678109315,
            1258.2246619725338,
            1249.7050035711127,
            1245.6472255055492,
            1251.2134285976522,
            1256.8600449727733,
            1257.7679097497107,
            1264.2453456789838,
            1250.9980129343724
        ],
        "bic_scores": [
            1549.385479290713,
            1490.3239922005057,
            1407.1981058956317,
            1422.9102917153368,
            1389.0252971001098,
            1360.856400214916,
            1377.943879931487,
            1386.9441070850346,
            1400.4062145744397,
            1423.4923032215115,
            1446.6588051516014,
            1465.0865554835077,
            1489.0838769677493,
            1493.3564297781068
        ]
    },
    "res_model_runtime": 573.9630298614502
}