{
    "0_start_import": 1734046617.9108486,
    "1_parsing": 1734046617.9128664,
    "3_start_tensor_conversion": 1734046621.4813828,
    "4_end_tensor_conversion": 1734046621.6745472,
    "5_start_model": 1734047136.5666113,
    "6_complete_model": 1734047273.208434,
    "aic_bic_json_pca": {
        "aic_scores": [
            1057.4144315959074,
            968.6496753029423,
            960.6295988724017,
            922.8365716717592,
            894.6209945559731,
            893.3560492904857,
            870.7821660379182,
            875.1459523850658,
            875.147808435647,
            875.5817534076045,
            882.6269060610132,
            877.7410078358123,
            881.3943886671241,
            884.0778254285966
        ],
        "bic_scores": [
            1072.014336225048,
            1000.7694654870518,
            1010.2692746114799,
            989.996132965806,
            979.3004414049888,
            995.55538169447,
            990.5013839968713,
            1012.3850558989877,
            1029.9067975045377,
            1047.8606280314639,
            1072.4256662398413,
            1085.059653569609,
            1106.2329199558897,
            1126.4362422723311
        ]
    },
    "aic_bic_json_tsne": {
        "aic_scores": [
            1547.6921684402491,
            1526.0213984082889,
            1531.9781262686934,
            1524.5806935387159,
            1522.9306238765528,
            1524.05088514185,
            1521.6777736940007,
            1520.39883745523,
            1527.9246951596222,
            1519.6232342266517,
            1525.2926033672616,
            1531.9659317649423,
            1520.648764808694,
            1514.7618807072117
        ],
        "bic_scores": [
            1562.2920730693897,
            1558.1411885923983,
            1581.6178020077714,
            1591.7402548327627,
            1607.6100707255684,
            1626.2502175458344,
            1641.3969916529538,
            1657.637940969152,
            1682.683684228513,
            1691.902108850511,
            1715.0913635460897,
            1739.284577498739,
            1745.4872960974596,
            1757.1202975509461
        ]
    },
    "res_model_runtime": 136.6418228149414
}