{
    "0_start_import": 1733367036.280335,
    "1_parsing": 1733367036.2833345,
    "2_start_padding": 1733367036.8194695,
    "3_start_normalizing": 1733367037.2995927,
    "4_start_tensor_conversion": 1733367037.3906186,
    "5_start_model": 1733367037.4484758,
    "6_complete_model": 1733367042.6250062,
    "res_model_runtime": 5.176530361175537
}