{
    "0_start_import": 1734073685.2704227,
    "1_parsing": 1734073685.275423,
    "3_start_tensor_conversion": 1734073689.169952,
    "4_end_tensor_conversion": 1734073689.627462,
    "5_start_model": 1734073689.669614,
    "6_complete_model": 1734079045.778179,
    "aic_bic_json_pca": {
        "aic_scores": [
            1529.2231405312523,
            1165.0045650321395,
            1084.0290735105461,
            904.9702763839297,
            823.5631035058022,
            739.4868074915014,
            687.0660120297792,
            641.8840018670776,
            617.2836063323333,
            594.136379084678,
            571.6095314027561,
            559.582597955412,
            557.6660407108054,
            561.9365065690613
        ],
        "bic_scores": [
            1543.823045160393,
            1197.124355216249,
            1133.6687492496242,
            972.1298376779765,
            908.2425503548179,
            841.6861398954858,
            806.7852299887323,
            779.1231053809995,
            772.0425954012239,
            766.4152537085374,
            761.4082915815843,
            766.9012436892087,
            782.504571999571,
            804.2949234127957
        ]
    },
    "aic_bic_json_tsne": {
        "aic_scores": [
            1504.9501506067463,
            1401.7078093281052,
            1332.590094155098,
            1228.7361065579767,
            1170.8251444080734,
            1148.6546829918432,
            1120.8538820072617,
            1066.307662145512,
            1076.5755432965138,
            1068.9386483293151,
            1078.0917389791712,
            1088.1162854872707,
            1067.7182874183397,
            1051.1187479724922
        ],
        "bic_scores": [
            1519.550055235887,
            1433.8275995122146,
            1382.2297698941761,
            1295.8956678520235,
            1255.504591257089,
            1250.8540153958274,
            1240.5730999662148,
            1203.546765659434,
            1231.3345323654046,
            1241.2175229531745,
            1267.8904991579993,
            1295.4349312210675,
            1292.5568187071053,
            1293.4771648162266
        ]
    },
    "res_model_runtime": 5356.108564853668
}