{
    "0_start_import": 1734049207.020511,
    "1_parsing": 1734049207.0215106,
    "3_start_tensor_conversion": 1734049210.0038075,
    "4_end_tensor_conversion": 1734049210.230007,
    "5_start_model": 1734049210.2597256,
    "6_complete_model": 1734049725.5956879,
    "aic_bic_json_pca": {
        "aic_scores": [
            1145.330778776685,
            1040.2281684125073,
            968.1569454320041,
            912.1210899886212,
            895.8411333743524,
            844.2254299941158,
            826.4720505518801,
            826.0586241968265,
            797.937214396062,
            780.2445433968115,
            770.7565244241523,
            765.3468405335581,
            754.1718165894677,
            758.1292424509368
        ],
        "bic_scores": [
            1159.9306834058257,
            1072.3479585966168,
            1017.7966211710823,
            979.280651282668,
            980.5205802233679,
            946.4247623981001,
            946.1912685108332,
            963.2977277107484,
            952.6962034649526,
            952.523418020671,
            960.5552846029805,
            972.6654862673549,
            979.0103478782332,
            1000.4876592946712
        ]
    },
    "aic_bic_json_tsne": {
        "aic_scores": [
            1650.2345177711882,
            1574.9527224376784,
            1570.4554736686614,
            1547.7537131269341,
            1531.9350163340168,
            1491.6134212729162,
            1447.6149633093273,
            1442.274754259267,
            1451.0765536611405,
            1421.0513593664632,
            1410.9490270693113,
            1357.3592098364759,
            1286.6297885465528,
            1292.1067619613207
        ],
        "bic_scores": [
            1664.8344224003288,
            1607.0725126217878,
            1620.0951494077394,
            1614.913274420981,
            1616.6144631830325,
            1593.8127536769007,
            1567.3341812682804,
            1579.5138577731889,
            1605.8355427300312,
            1593.3302339903225,
            1600.7477872481395,
            1564.6778555702726,
            1511.4683198353184,
            1534.465178805055
        ]
    },
    "res_model_runtime": 515.3359622955322
}