{
    "0_start_import": 1734058798.9332345,
    "1_parsing": 1734058798.936232,
    "3_start_tensor_conversion": 1734058802.188601,
    "4_end_tensor_conversion": 1734058802.4252539,
    "5_start_model": 1734058802.4470966,
    "6_complete_model": 1734059929.7701895,
    "aic_bic_json_pca": {
        "aic_scores": [
            1638.6215027623316,
            1308.50343025653,
            1190.9257861113315,
            840.3355185432,
            779.2056379758428,
            760.5456456019003,
            754.167120281641,
            721.9096555819763,
            723.9854041171798,
            725.8434688625291,
            728.5036935634071,
            691.6890128880217,
            682.8559567327057,
            675.2263240023515
        ],
        "bic_scores": [
            1653.2214073914722,
            1340.6232204406394,
            1240.5654618504095,
            907.4950798372469,
            863.8850848248585,
            862.7449780058847,
            873.8863382405941,
            859.1487590958982,
            878.7443931860704,
            898.1223434863884,
            918.3024537422352,
            899.0076586218186,
            907.6944880214714,
            917.5847408460859
        ]
    },
    "aic_bic_json_tsne": {
        "aic_scores": [
            1453.0704488633837,
            1338.959214045674,
            1296.7754474592766,
            1207.187777201641,
            1163.836631684474,
            1138.8804378236484,
            1122.2584819580875,
            1112.845673559985,
            1118.4926723645283,
            1111.7677239095383,
            1099.1936279759077,
            1088.0136525937423,
            1098.839722178814,
            1089.252057632717
        ],
        "bic_scores": [
            1467.6703534925243,
            1371.0790042297833,
            1346.4151231983546,
            1274.3473384956878,
            1248.5160785334897,
            1241.0797702276327,
            1241.9776999170406,
            1250.084777073907,
            1273.251661433419,
            1284.0465985333976,
            1288.9923881547359,
            1295.3322983275393,
            1323.6782534675797,
            1331.6104744764511
        ]
    },
    "res_model_runtime": 1127.3230929374695
}